author,count
Anuken,721
unknown,79
MEEPofFaith,76
Darkness6030,31
ApsZoldat,24
phinner,12
way-zer,12
ArkSourcer,12
osp54,11
SSTentacleSS,11
BalaM314,10
abcxyzDustry,10
a-big-fish-fish,9
HamzaGSopp,8
NazrinNya,8
stacktrace-error,8
MEIQIUawa,7
J0anJosep,7
TheRadioactiveBanana,7
Atomic-Laboratory,7
Kieaer,6
summoner001,6
buthed010203,6
Garen7,6
JniTrRny,6
lemon3357,6
nanmenyangde,5
Slotterleet,5
Volas171,5
alexpvpmindustry,5
Epowerj,5
tech3mi,5
Hahaa13,5
twinflac,5
Zerenta,5
XuwenMeimei,5
Ilya246,5
karlo292,4
Xenerain,4
The1Crux,4
112Hack,4
BasedUser,4
TheTrueInfinity,4
Mythril382,4
Xasmedy,4
ulwepo,4
StalkerBaran,3
Lime712,3
xem8k5,3
KotMilkMeoWtwo,3
Taras4k,3
SITUVNgcd,3
MaxSMokeSkaarj,3
DikHalz,3
L0615T1C5-216AC-9437,3
thedimas3007,3
Redik2,3
Brandons404,3
Prosta4okua,3
Somka000,3
Nunting,3
GlennFolker,3
RebornTrack970,2
Redstonneur1256,2
XaskyZ,2
Suportik-GFX,2
CoCo-Snow,2
MrS-1302,2
VaporSpace2,2
Kowkodivka,2
MWestfall,2
GergoEB,2
siede2010,2
Alexander397172YT,2
frieda666,2
eSK8er,2
SunkyMP3G,2
ErosAa2,2
kituta,1
Def-Try,1
Ninjdai1,1
Lanark53,1
code-explorer786,1
phoskee,1
end-me-please,1
Miniontoby,1
Zelaux,1
whert-dev,1
adamlolgaming,1
Uenhe,1
Khanx,1
romanin-rf,1
TNT331,1
FourGamingStudio,1
qwertystar,1
gabriel-fondato,1
Tornado3708,1
zaboal,1
ienov,1
Catchears,1
Phippe,1
xstabux,1
Vojtak42,1
TheSerjio,1
yozozchomutova,1
error-27,1
NoahvdAa,1
alxgsv,1
bend-n,1
xzxADIxzx,1
Knochi,1
null-ref-exc,1
commel,1
Baldur404,1
SachaTending,1
LeTuanVN,1
GeraldEV,1
LixieWulf,1
Gamer-art9044,1
CamoGekko,1
Lifeless-Darkness,1
BnDLett,1
aawwaaa,1
Gadgetroch,1
Electron215,1
zeutd,1
Jerzozwierz123,1
Idonotus,1
IqKero,1
SatoshiSasaki,1
MinRi2,1
SSansssssssssssss,1
PloVez,1
JasonP01,1
DinnerWool,1
Larofeticus,1
ferrandusqui31,1
Fischer1000,1
NgLam2911,1
gorodmi,1
Pasu4,1
nowords123,1
GaruPlayOfficial,1
Midblyte,1
KhanhLamVirual,1
OpalSoPL,1
guiYMOUR,1
Arzxq,1
ivancea,1
Estcool9,1
