size,extension
2563,gitignore
5816,md
3289,md
32422,no_extension
3760,md
3844,md
3359,md
15792,gradle
1439,properties
5766,no_extension
2674,bat
270,yml
581,json
513,json
11776,json
1465,gradle
4736,xml
394,md
2108,xml
4784,gradle
89121,png
356,pro
110,gradle
142,gradle
7565,gradle
75,no_extension
1140,no_extension
5525,xml
2504,gradle
235,sh
2148,xml
2231,gradle
387,no_extension
450,no_extension
59,gradle
12578,gradle
370,no_extension
2880,yml
405,yml
3429,yml
223,yml
713,yml
2047,yml
1895,no_extension
4650,dat
59203,jar
202,properties
31,bat
41,sh
45824,png
28222,png
267,xml
267,xml
6272,png
5098,png
8450,png
7734,png
4171,png
2898,png
5221,png
4445,png
9733,png
7596,png
12122,png
11436,png
17332,png
16742,png
21286,png
20740,png
23916,png
24655,png
31169,png
29691,png
553,xml
111,xml
493,xml
85,xml
55836,json
37,pe
95,png
99,png
3781,png
2389,png
145,png
131,png
1498,png
106,png
1097,png
109,png
95,png
120,png
1535,png
113,png
544,png
1526,png
3281,png
3708,png
95,png
160,png
2523,png
2141,png
109,png
1338,png
161,png
168,png
548,png
540,png
1762,png
129,png
116,png
111,png
141,png
4349,png
115,png
99,png
114,png
166,png
105,png
107,png
2355,png
1474,png
112,png
128,png
139,png
110,png
551,png
134,png
124,png
1355,png
122,png
551,png
2409,png
97,png
117,png
1356,png
2202,png
1338,png
125,png
118,png
93,png
1359,png
1347,png
578,png
123,png
104,png
105,png
511,png
1789,png
129,png
1344,png
4011,png
92,png
133,png
118,png
111,png
114,png
103,png
132,png
113,png
1351,png
136,png
113,png
532,png
4557,png
113,png
115,png
156,png
2488,png
147,png
1344,png
2234,png
158,png
206,json
146,msch
146,msch
295,msch
94,msch
214,msch
177,msch
110,msch
166,msch
217,msch
177,msch
140,msch
252,msch
317,msch
189,msch
262,msch
180,msch
207,msch
183,msch
124,msch
404,msch
153,msch
176,msch
162,msch
262,msch
193,msch
277,msch
285,msch
161,msch
216,msch
234,msch
160,msch
262,msch
239,msch
129,msch
304,msch
183,msch
392,msch
449,msch
213,msch
167,msch
249,msch
163,msch
117,msch
105,msch
241,msch
263,msch
325,msch
252,msch
192,msch
306,msch
194,msch
304,msch
166,msch
186,msch
340,msch
771,msch
584,msch
349,msch
440,msch
691,msch
487,msch
247,msch
513,msch
242,msch
194,msch
321,msch
229,msch
177,msch
207,msch
455,msch
202,msch
150,msch
221,msch
227,msch
158,msch
165,msch
153,msch
316,msch
137,msch
490,msch
1061,msch
376,msch
229,msch
288,msch
350,msch
114,msch
386,msch
235,msch
231,msch
244,msch
413,msch
293,msch
230,msch
584,msch
384,msch
164,msch
201,msch
342,msch
172,msch
361,msch
144,msch
246,msch
254,msch
508,msch
329,msch
524,msch
692,msch
876,msch
373,msch
500,msch
432,msch
751,msch
1020,msch
290,msch
206,msch
288,msch
156,msch
150,msch
188,msch
312,msch
131,msch
358,msch
438,msch
398,msch
546,msch
374,msch
499,msch
598,msch
290,msch
804,msch
536,msch
138,msch
141,msch
166,msch
235,msch
402,msch
110,msch
108,msch
121,msch
311,msch
316,msch
102,msch
551,frag
545,frag
358,frag
418,frag
635,vert
571,frag
153,vert
212,frag
143262,properties
204143,properties
192906,properties
164786,properties
155028,properties
147247,properties
154470,properties
160461,properties
149114,properties
150720,properties
156496,properties
151676,properties
170842,properties
166464,properties
149706,properties
151756,properties
179369,properties
165252,properties
151688,properties
149712,properties
145997,properties
162170,properties
155026,properties
148658,properties
153527,properties
230622,properties
148401,properties
147007,properties
286749,properties
144996,properties
151268,properties
247832,properties
179910,properties
137245,properties
141564,properties
336,png
375,png
350,png
230,png
1027,png
1290,png
368,png
3444104,woff
13108,ttf
41208,ttf
11336,ttf
721319,icns
85182,ico
13869,png
23484,properties
41494,msav
23878,msav
66193,msav
80323,msav
15380,msav
34768,msav
11988,msav
15302,msav
22312,msav
13811,msav
38340,msav
64008,msav
8438,msav
10260,msav
38750,msav
21621,msav
15958,msav
9102,msav
10604,msav
12516,msav
8550,msav
17072,msav
23840,msav
40524,msav
11522,msav
37821,msav
10613,msav
8858,msav
68977,msav
7461,msav
16569,msav
28248,msav
28722,msav
16522,msav
45623,msav
95583,msav
35371,msav
15083,msav
23791,msav
31032,msav
44847,msav
18279,msav
21042,msav
17146,msav
77148,msav
57462,msav
18213,msav
77288,msav
17486,msav
15986,msav
7576,msav
24431,msav
22828,msav
13486,msav
2566868,ogg
2705612,ogg
187349,ogg
1539857,ogg
1819566,ogg
1281219,ogg
1329376,ogg
1855682,ogg
2531904,ogg
1975980,ogg
1649639,ogg
2011976,ogg
2134796,ogg
2593090,ogg
343048,ogg
1169439,ogg
985523,ogg
1501,js
10349,js
1354,frag
2793,frag
244,vert
1551,frag
479,frag
724,frag
464,vert
991,frag
131,frag
207,vert
213,frag
257,frag
302,vert
296,frag
248,frag
192,vert
795,frag
62,frag
906,vert
198,frag
256,vert
123,frag
159,vert
1128,frag
1164,frag
830,frag
528,frag
713,frag
476,frag
616,frag
224,vert
1097,frag
9391,ogg
9797,ogg
61265,ogg
9172,ogg
26836,ogg
14265,ogg
14510,ogg
12177,ogg
7035,ogg
24470,ogg
5383,ogg
27453,ogg
7076,ogg
40412,ogg
13441,ogg
19890,ogg
65571,ogg
6924,ogg
35495,ogg
41519,ogg
16646,ogg
10854,ogg
70024,ogg
10787,ogg
18660,ogg
48229,ogg
16175,ogg
6542,ogg
11386,ogg
14468,ogg
42097,ogg
20038,ogg
49959,ogg
34520,ogg
23608,ogg
9386,ogg
124090,ogg
48859,ogg
58542,ogg
28829,ogg
16636,ogg
10337,ogg
60783,ogg
12694,ogg
14325,ogg
8428,ogg
36087,ogg
8166,ogg
19694,ogg
43747,ogg
18904,ogg
19173,ogg
9636,ogg
4690,ogg
6528,ogg
7142,ogg
8270,ogg
13151,ogg
14732,ogg
44687,ogg
28101,ogg
16029,ogg
176229,ogg
17814,ogg
14642,ogg
7274,ogg
16627,ogg
10947,ogg
30867,ogg
27086,ogg
12352,ogg
7812,ogg
10525,ogg
6874,ogg
19481,ogg
7081,ogg
7693,ogg
29846,ogg
11020,ogg
15985,ogg
16042,ogg
20366,ogg
58651,ogg
5356,ogg
40900,ogg
28007,ogg
23880,ogg
13720,ogg
8246,ogg
15072,ogg
52913,ogg
270286,ogg
25692,ogg
236939,ogg
47761,png
116329,png
11241,png
276,png
48485,png
20324,png
16411,png
9671,png
19516,png
1242,png
1115630,png
9192,java
19785,java
60,json
2618,storyboard
12498,java
6981,java
1081,properties
1998,svg
1936,svg
1903,svg
2124,svg
1884,svg
2083,svg
2830,svg
146,png
68,png
164,json
242,png
231,png
82,png
293,png
243,png
6066,png
391,png
12954,png
83,png
499,png
559,png
131,png
496,png
538,png
131,png
215,png
459,png
355,png
626,png
249,png
407,png
206,png
100,png
325,png
99,png
105,png
213,png
349,png
271,png
294,png
107,png
261,png
390,png
327,png
201,png
415,png
111,png
1598,png
496,png
539,png
131,png
576,png
130,png
75,png
310,png
222,png
213,png
2220,png
213,png
107,png
81,png
386,png
322,png
457,png
319,png
521,png
341,png
400,png
371,png
420,png
507,png
295,png
469,png
320,png
308,png
360,png
386,png
347,png
380,png
534,png
489,png
443,png
382,png
431,png
525,png
329,png
484,png
324,png
518,png
308,png
508,png
322,png
483,png
518,png
164,json
237,png
249,png
320,png
349,png
520,png
870,png
991,png
1964,png
2230,png
2611,png
68,png
4586,png
932,png
1490,png
488,png
298,png
418,png
276,png
324,png
343,png
232,png
218,png
329,png
304,png
286,png
387,png
387,png
274,png
260,png
232,png
274,png
322,png
286,png
197,png
283,png
511,png
503,png
484,png
404,png
1331,png
333,png
10765,png
169,png
184,png
199,png
326,png
183,png
183,png
159,png
184,png
250,png
218,png
258,png
228,png
183,png
318,png
217,png
241,png
232,png
257,png
250,png
163,png
112,png
278,png
272,png
273,png
280,png
277,png
276,png
210,png
313,png
20911,png
211,png
233,png
241,png
246,png
248,png
230,png
90,png
9305,png
79,png
338,png
149,png
309,png
192,png
212,png
14725,png
2179,png
164,json
144,png
185,png
191,png
2498,png
200,png
143,png
17401,png
113,png
102,png
101,png
90,png
113,png
70,png
241,png
256,png
2418,png
117,png
120,png
120,png
73,png
144,png
152,png
206,png
151,png
213,png
149,png
193,png
201,png
71,png
167,png
2064,png
7870,png
634,png
1018,png
734,png
194,png
777,png
560,png
557,png
2431,png
1165,png
6405,png
1141,png
624,png
592,png
618,png
618,png
2729,png
264,png
810,png
304,png
455,png
359,png
230,png
273,png
400,png
1051,png
460,png
1767,png
279,png
908,png
1138,png
2233,png
441,png
401,png
376,png
215,png
1422,png
1620,png
587,png
1003,png
911,png
5649,png
1777,png
27148,png
682,png
7272,png
828,png
1216,png
720,png
617,png
550,png
350,png
486,png
3344,png
240,png
269,png
312,png
510,png
1441,png
3729,png
199,png
253,png
523,png
1967,png
5818,png
1533,png
6823,png
362,png
966,png
517,png
1480,png
318,png
848,png
417,png
325,png
465,png
390,png
1210,png
356,png
1149,png
336,png
1436,png
379,png
1123,png
316,png
408,png
1647,png
246,png
284,png
341,png
676,png
434,png
1232,png
526,png
1006,png
254,png
295,png
289,png
812,png
944,png
1820,png
280,png
743,png
2396,png
13436,png
328,png
295,png
339,png
627,png
1594,png
1396,png
597,png
2666,png
2880,png
419,png
1209,png
2693,png
11621,png
2032,png
6572,png
816,png
2376,png
312,png
483,png
262,png
319,png
492,png
2943,png
663,png
796,png
792,png
999,png
1269,png
3532,png
331,png
422,png
415,png
788,png
995,png
3644,png
836,png
891,png
804,png
2664,png
749,png
1683,png
796,png
1319,png
600,png
720,png
740,png
1922,png
1644,png
3459,png
606,png
467,png
281,png
411,png
495,png
1213,png
404,png
271,png
1059,png
1046,png
647,png
775,png
691,png
632,png
3146,png
1313,png
989,png
617,png
1483,png
1826,png
3078,png
1107,png
556,png
4361,png
600,png
748,png
740,png
2328,png
950,png
2037,png
128163,png
274210,png
226795,png
174885,png
121028,png
150085,png
4643,ogg
6148,ogg
9177,ogg
4735,ogg
7880,ogg
145419,png
152094,png
3470,java
9891,java
4706,java
17425,java
64650,java
5116,java
20651,java
12796,java
4295,java
7355,java
1821,java
7633,java
2277,java
515,java
6130,java
10294,java
1526,java
216264,java
1486,java
19423,java
85592,java
4412,java
2950,java
899,java
7406,java
5358,java
25056,java
6504,java
325,java
7095,java
144300,java
3578,java
10389,java
24685,java
2938,java
3347,java
17954,java
21788,java
44823,java
11649,java
19765,java
27393,java
2933,java
19582,java
2195,java
923,java
358,java
8172,java
2817,java
4265,java
10172,java
12387,java
27534,java
16183,java
4229,java
2032,java
29304,java
20465,java
30680,java
5851,java
6618,java
2078,java
12250,java
964,java
3191,java
7861,java
20784,java
26635,java
8948,java
7662,java
7698,java
127,java
2440,java
803,java
208,java
309,java
3756,java
154,java
3137,java
4981,java
118,java
505,java
384,java
18092,java
1836,java
21602,java
17691,java
1027,java
2289,java
2106,java
44013,java
3461,java
15483,java
10522,java
4021,java
25272,java
11630,java
7087,java
4977,java
14354,java
12427,java
13593,java
19048,java
3365,java
2096,java
17843,java
3825,java
16582,java
5335,java
5708,java
1898,java
2262,java
6790,java
21581,java
10157,java
13100,java
4627,java
11236,java
4005,java
1868,java
15526,java
4418,java
18128,java
3528,java
34517,java
75887,java
37954,java
111,java
17803,java
13433,java
7941,java
7755,java
6283,java
858,java
615,java
19623,java
34399,java
1165,java
306,java
143,java
210,java
10854,java
2127,java
1616,java
4643,java
18272,java
1526,java
77198,java
147,java
807,java
6179,java
8078,java
71636,java
736,java
10999,java
3979,java
3503,java
528,java
158,java
575,java
751,java
117,java
302,java
233,java
181,java
7528,java
198,java
3727,java
16761,java
22998,java
44291,java
53713,java
998,java
1409,java
735,java
50715,java
129,java
4628,java
25877,java
19372,java
8178,java
4494,java
1061,java
13834,java
3797,java
5635,java
1110,java
4278,java
809,java
1186,java
309,java
1615,java
3893,java
20074,java
1010,java
230,java
853,java
4919,java
293,java
5513,java
3967,java
2397,java
6716,java
2268,java
2790,java
2917,java
1546,java
22514,java
1724,java
9754,java
2317,java
7670,java
673,java
66443,java
24627,java
13400,java
3760,java
1132,java
1579,java
252,java
12935,java
1006,java
1142,java
1208,java
852,java
2120,java
4164,java
1166,java
6466,java
3794,java
373,java
750,java
989,java
15600,java
862,java
56005,java
12246,java
1002,java
567,java
1903,java
3090,java
1660,java
22437,java
303,java
3460,java
923,java
12934,java
1915,txt
74,txt
74,txt
10,txt
2664,txt
81,txt
81,txt
10,txt
10094,vdf
2936,txt
75,txt
11396,vdf
3993,txt
81,txt
10642,vdf
2998,txt
79,txt
2134,json
12898,png
15975,png
17309,png
16194,png
22581,png
25681,png
836,png
29544,png
30927,png
33724,png
39539,png
1181,png
45184,png
1958,png
2120,png
3170,png
3578,png
4436,png
121593,png
4885,png
5335,png
5394,png
5886,png
5653,png
7575,png
8377,png
8657,png
10221,png
9013,png
257494,png
10597,java
47480,java
2651,java
33478,java
1091,java
1437,java
1320,java
1587,java
12954,msav
36280,msav
2721,msav
97298,msav
36347,java
8884,java
9989,java
5194,java
5407,png
186,png
1340,png
1173,png
751,png
1168,png
1369,png
2079,png
2513,png
751,png
286,png
1187,png
1559,png
1832,png
222,png
719,png
157,png
344,png
516,png
2007,png
257,png
718,png
656,png
494,png
619,png
194,png
515,png
8370,png
791,png
2093,png
687,png
751,png
1279,png
158,png
229,png
5535,png
3124,png
130,png
128,png
123,png
147,png
278,png
114,png
209,png
170,png
441,png
382,png
252,png
1617,png
1817,png
209,png
128,png
116,png
101,png
292,png
185,png
270,png
286,png
800,png
1012,png
474,png
1227,png
230,png
338,png
352,png
1283,png
300,png
1562,png
1542,png
919,png
258,png
2705,png
685,png
2670,png
3917,png
8471,png
266,png
712,png
1421,png
1347,png
3037,png
3549,png
628,png
3052,png
685,png
510,png
1424,png
347,png
305,png
438,png
478,png
903,png
425,png
954,png
2237,png
455,png
1534,png
371,png
304,png
389,png
211,png
766,png
606,png
419,png
273,png
277,png
271,png
301,png
1647,png
1566,png
798,png
341,png
370,png
335,png
191,png
186,png
214,png
811,png
343,png
368,png
285,png
227,png
190,png
233,png
241,png
281,png
210,png
432,png
288,png
264,png
340,png
1537,png
1487,png
1326,png
621,png
569,png
364,png
321,png
380,png
274,png
456,png
351,png
429,png
377,png
416,png
405,png
365,png
359,png
268,png
245,png
238,png
231,png
233,png
162,png
171,png
309,png
256,png
303,png
298,png
906,png
458,png
375,png
351,png
317,png
260,png
232,png
217,png
202,png
248,png
1623,png
1541,png
742,png
349,png
354,png
283,png
236,png
265,png
467,png
208,png
280,png
193,png
227,png
242,png
219,png
214,png
232,png
390,png
388,png
180,png
222,png
191,png
291,png
291,png
342,png
339,png
348,png
255,png
696,png
343,png
339,png
143,png
155,png
585,png
1001,png
393,png
377,png
2977,png
437,png
116,png
287,png
389,png
322,png
350,png
755,png
354,png
330,png
233,png
225,png
219,png
256,png
581,png
1935,png
794,png
847,png
706,png
189,png
172,png
193,png
290,png
308,png
285,png
514,png
536,png
430,png
526,png
255,png
268,png
239,png
230,png
228,png
327,png
337,png
315,png
161,png
235,png
369,png
232,png
231,png
228,png
227,png
254,png
1299,png
219,png
212,png
207,png
1957,png
1919,png
1967,png
301,png
328,png
273,png
332,png
325,png
297,png
328,png
341,png
322,png
226,png
339,png
312,png
297,png
284,png
291,png
316,png
317,png
298,png
277,png
269,png
283,png
370,png
349,png
279,png
310,png
275,png
296,png
346,png
294,png
296,png
277,png
300,png
324,png
399,png
327,png
331,png
165,json
222,png
257,png
244,png
688,png
1335,png
722,png
699,png
708,png
807,png
384,png
384,png
302,png
285,png
288,png
1628,png
1563,png
955,png
373,png
345,png
349,png
298,png
261,png
218,png
251,png
239,png
280,png
209,png
1017,png
404,png
397,png
205,png
298,png
242,png
759,png
728,png
750,png
1502,png
1523,png
1055,png
408,png
414,png
706,png
650,png
687,png
247,png
223,png
221,png
267,png
499,png
260,png
261,png
243,png
237,png
215,png
194,png
671,png
291,png
268,png
382,png
496,png
252,png
238,png
220,png
227,png
213,png
291,png
509,png
287,png
291,png
694,png
471,png
264,png
247,png
210,png
195,png
198,png
120,png
343,png
259,png
247,png
253,png
649,png
489,png
267,png
213,png
390,png
215,png
211,png
179,png
182,png
184,png
290,png
121,png
239,png
245,png
244,png
307,png
285,png
296,png
1620,png
1526,png
717,png
366,png
336,png
222,png
276,png
215,png
159,png
539,png
146,png
107,png
158,png
540,png
1193,png
1200,png
1111,png
1131,png
1138,png
1195,png
1217,png
1227,png
1236,png
1244,png
1249,png
1310,png
1178,png
1317,png
1337,png
1356,png
1348,png
1331,png
1351,png
1322,png
1281,png
1291,png
1318,png
1112,png
1355,png
1270,png
1320,png
1370,png
1297,png
1237,png
1239,png
1221,png
1230,png
1225,png
1089,png
1126,png
1125,png
1116,png
1109,png
1145,png
128,png
123,png
148,png
296,png
98,png
274,png
1212,png
222,png
1085,png
273,png
163,png
204,png
121,png
429,png
306,png
1733,png
274,png
357,png
128,png
122,png
248,png
132,png
170,png
111,png
157,png
166,png
141,png
489,png
335,png
1317,png
493,png
157,png
518,png
439,png
1950,png
210,png
859,png
274,png
1193,png
174,png
174,png
366,png
395,png
914,png
2233,png
1421,png
812,png
1326,png
751,png
385,png
340,png
581,png
341,png
547,png
779,png
373,png
340,png
586,png
164,png
389,png
1752,png
1723,png
2823,png
4219,png
611,png
655,png
1119,png
1184,png
3210,png
4393,png
572,png
609,png
1069,png
1243,png
1671,png
2352,png
1030,png
1565,png
3182,png
4144,png
2237,png
1876,png
1842,png
1825,png
3193,png
3023,png
503,png
926,png
529,png
412,png
1025,png
1439,png
1427,png
912,png
881,png
858,png
2280,png
899,png
1000,png
720,png
513,png
307,png
1124,png
8026,png
1020,png
1445,png
1105,png
1263,png
569,png
1012,png
542,png
416,png
1167,png
1231,png
463,png
307,png
1180,png
1700,png
1010,png
1019,png
2697,png
2713,png
11446,png
3458,png
583,png
1490,png
462,png
10214,png
168,png
784,png
333,png
335,png
1478,png
144,png
315,png
984,png
639,png
1145,png
158,png
279,png
503,png
3388,png
4265,png
462,png
2165,png
4596,png
170,png
287,png
299,png
191,png
695,png
481,png
540,png
522,png
1578,png
822,png
411,png
2779,png
6860,png
402,png
643,png
640,png
4614,png
413,png
256,png
504,png
481,png
462,png
6357,png
245,png
1115,png
253,png
229,png
229,png
1628,png
238,png
1258,png
1565,png
717,png
558,png
781,png
227,png
206,png
1133,png
549,png
832,png
514,png
779,png
1639,png
12986,png
1238,png
2005,png
462,png
6328,png
1827,png
743,png
307,png
8486,png
2511,png
687,png
223,png
1365,png
223,png
331,png
929,png
535,png
462,png
7371,png
6284,png
2465,png
306,png
573,png
2224,png
8577,png
459,png
465,png
1045,png
462,png
5642,png
641,png
626,png
640,png
630,png
2273,png
1061,png
5483,png
5804,png
765,png
780,png
2006,png
7711,png
7007,png
680,png
685,png
1211,png
1756,png
2632,png
729,png
756,png
1768,png
228,png
211,png
1122,png
121,png
563,png
991,png
462,png
4650,png
7544,png
630,png
650,png
651,png
2702,png
5455,png
533,png
483,png
488,png
1095,png
462,png
7086,png
10744,png
9433,png
322,png
2353,png
223,png
283,png
1264,png
382,png
747,png
216,png
306,png
114,png
703,png
222,png
315,png
1075,png
462,png
2647,png
418,png
1882,png
211,png
1109,png
462,png
12531,png
485,png
1635,png
307,png
2175,png
635,png
640,png
2047,png
138,png
141,png
601,png
222,png
166,png
464,png
217,png
219,png
153,png
1146,png
462,png
7848,png
5863,png
251,png
9660,png
2223,png
287,png
1982,png
2049,png
186,png
11923,png
1142,png
1616,png
3503,png
3327,png
3167,png
594,png
535,png
491,png
682,png
683,png
644,png
678,png
414,png
402,png
655,png
672,png
7809,png
7462,png
6217,png
3032,png
2397,png
1760,png
17136,png
9510,png
11589,png
4884,png
2688,png
2392,png
6996,png
6690,png
6258,png
2020,png
1682,png
1658,png
605,png
689,png
697,png
717,png
481,png
486,png
205,png
256,png
691,png
656,png
623,png
544,png
559,png
543,png
621,png
551,png
307,png
417,png
605,png
565,png
554,png
292,png
313,png
271,png
297,png
411,png
410,png
271,png
303,png
289,png
7772,png
10707,png
12417,png
1682,png
2631,png
2838,png
22499,png
9855,png
22500,png
7561,png
636,png
720,png
838,png
139,png
140,png
517,png
296,png
356,png
286,png
366,png
121,png
628,png
421,png
3643,png
2385,png
2377,png
3839,png
2010,png
864,png
862,png
1586,png
2720,png
1243,png
1259,png
2762,png
1682,png
874,png
871,png
1455,png
2179,png
1251,png
1264,png
1906,png
1001,png
528,png
512,png
1072,png
538,png
1277,png
756,png
1374,png
290,png
299,png
854,png
675,png
262,png
285,png
772,png
1452,png
537,png
1938,png
940,png
2660,png
279,png
383,png
328,png
1306,png
1604,png
2100,png
795,png
2015,png
439,png
521,png
1328,png
1921,png
873,png
434,png
350,png
2053,png
137,png
285,png
926,png
1329,png
1375,png
1360,png
969,png
1091,png
129,png
3101,png
2205,png
5178,png
1374,png
764,png
767,png
3200,png
2898,png
1539,png
1633,png
1684,png
1423,png
1565,png
2879,png
1371,png
5397,png
2925,png
253,png
343,png
993,png
770,png
772,png
3189,png
2898,png
1535,png
1575,png
1694,png
1382,png
765,png
765,png
3169,png
2898,png
1515,png
1571,png
1681,png
1427,png
2775,png
4694,png
2068,png
193,png
798,png
2035,png
1831,png
776,png
285,png
732,png
1057,png
859,png
319,png
660,png
197,png
633,png
585,png
275,png
281,png
573,png
212,png
578,png
218,png
800,png
312,png
755,png
608,png
1201,png
1153,png
623,png
381,png
660,png
661,png
329,png
307,png
311,png
232,png
218,png
788,png
893,png
843,png
323,png
794,png
323,png
763,png
612,png
655,png
198,png
762,png
283,png
3588,png
4145,png
3994,png
4162,png
326,png
750,png
505,png
183,png
443,png
624,png
505,png
741,png
369,png
509,png
597,png
528,png
1067,png
801,png
408,png
345,png
470,png
268,png
664,png
270,png
2033,png
1305,png
1404,png
638,png
13784,png
20028,png
612,png
1543,png
374,png
4284,png
3045,png
305,png
639,png
886,png
1685,png
815,png
629,png
569,png
2014,png
648,png
586,png
301,png
357,png
454,png
895,png
724,png
1579,png
938,png
407,png
559,png
1329,png
499,png
81,png
443,png
697,png
303,png
2317,png
4445,png
562,png
1206,png
833,png
415,png
505,png
301,png
696,png
1301,png
1960,png
502,png
844,png
1692,png
525,png
377,png
344,png
236,png
1158,png
1246,png
1113,png
656,png
698,png
659,png
446,png
710,png
1708,png
1195,png
2638,png
437,png
2969,png
1725,png
1512,png
346,png
461,png
587,java
585,java
7829,java
6842,java
19060,java
1384,java
1805,java
1718,java
1560,java
2089,java
5097,java
2385,java
1479,java
2241,java
3735,java
1566,java
2458,java
7084,java
4247,java
1513,java
2134,java
1443,java
3934,java
926,java
1549,java
4458,java
1848,java
1453,java
1907,java
2969,java
2361,java
1407,java
2222,java
740,java
34622,java
2454,java
3415,java
2846,java
2839,java
829,java
1605,java
1522,java
948,java
3983,java
1153,java
2990,java
2665,java
717,java
1813,java
3715,java
2605,java
2252,java
2295,java
843,java
1548,java
1736,java
13143,java
69994,java
597,java
7961,java
1815,java
3617,java
137,java
773,java
243,java
701,java
417,java
1284,java
4325,java
3437,java
2060,java
1569,java
1207,java
2119,java
8884,java
3498,java
4186,java
152,java
6215,java
987,java
11456,java
1543,java
220,java
401,java
4163,java
208,java
1943,java
204,java
8648,java
1194,java
4238,java
921,java
554,java
623,java
329,java
25224,java
1056,java
2097,java
2690,java
2641,java
2241,java
1612,java
574,java
3691,java
1128,java
1188,java
1378,java
1497,java
988,java
6265,java
1619,java
3301,java
1525,java
7416,java
2574,java
875,java
914,java
578,java
1258,java
1997,java
730,java
651,java
721,java
11131,java
5728,java
519,java
586,java
1991,java
163,java
886,java
302,java
2165,java
589,java
4871,java
408,java
1765,java
8120,java
1048,java
1735,java
7422,java
303,java
941,java
2606,java
861,java
4407,java
1076,java
268,java
268,java
809,java
365,java
196,java
184,java
143,java
143,java
1771,java
1617,java
1186,java
957,java
1129,java
6562,java
5876,java
2197,java
1654,java
3419,java
1633,java
1464,java
2064,java
946,java
1911,java
1377,java
2262,java
1723,java
10614,java
16321,java
877,java
3178,java
5343,java
257,java
5882,java
16760,java
27511,java
2933,java
1403,java
1596,java
511,java
1196,java
1141,java
354,java
2040,java
2260,java
6569,java
179,java
3186,java
1120,java
173,java
3509,java
1602,java
1340,java
2088,java
1288,java
5736,java
3026,java
317,java
27843,java
4370,java
1395,java
5574,java
6856,java
8930,java
413,java
5640,java
3005,java
2250,java
25988,java
8789,java
3555,java
8029,java
8252,java
4562,java
8043,java
3651,java
31247,java
1033,java
5428,java
50490,java
27728,java
1393,java
30512,java
29143,java
2121,java
2224,java
7545,java
9898,java
7227,java
970,java
13086,java
34779,java
3276,java
12647,java
5340,java
35877,java
11315,java
9195,java
1867,java
823,java
886,java
1568,java
9145,java
19183,java
605,java
4495,java
135,java
95,java
1991,java
818,java
561,java
1865,java
1744,java
561,java
1918,java
568,java
581,java
1699,java
1464,java
385,java
2240,java
710,java
1839,java
2059,java
2205,java
1835,java
1723,java
1769,java
500,java
911,java
1844,java
1973,java
979,java
1307,java
1491,java
1051,java
1950,java
1377,java
611,java
620,java
2010,java
1092,java
1515,java
1506,java
2103,java
1363,java
2070,java
1076,java
1175,java
1571,java
1520,java
1659,java
1938,java
1507,java
2228,java
1640,java
675,java
1934,java
688,java
887,java
1931,java
924,java
5025,java
903,java
912,java
1953,java
963,java
468,java
340,java
1059,java
672,java
4867,java
929,java
1838,java
387,java
23169,java
3582,java
353,java
9663,java
5295,java
1137,java
18248,java
1273,java
179,java
232,java
13576,java
8416,java
1759,java
3624,java
8371,java
8825,java
8052,java
392,json
286,json
435,json
390,json
425,json
265,json
414,json
410,json
424,json
410,json
410,json
410,json
433,json
308,json
184,json
64,json
197,json
176,json
241,json
429,json
400,json
87,json
11,json
225,json
164,json
213,json
260,json
310,json
154,json
722,json
767,json
778,json
841,json
722,json
767,json
778,json
841,json
722,json
767,json
778,json
841,json
742,json
713,json
619,json
661,json
732,json
767,json
778,json
841,json
742,json
713,json
619,json
661,json
732,json
767,json
778,json
841,json
831,json
742,json
713,json
619,json
661,json
732,json
767,json
778,json
841,json
722,json
767,json
778,json
841,json
831,json
780,json
751,json
650,json
692,json
763,json
798,json
809,json
872,json
875,json
948,json
956,json
927,json
809,json
844,json
855,json
918,json
818,json
891,json
792,json
763,json
661,json
732,json
767,json
778,json
841,json
909,json
880,json
763,json
798,json
809,json
872,json
733,json
767,json
809,json
844,json
855,json
918,json
831,json
871,json
842,json
732,json
767,json
778,json
841,json
753,json
798,json
809,json
872,json
906,json
877,json
767,json
809,json
844,json
855,json
918,json
753,json
798,json
809,json
872,json
742,json
713,json
619,json
661,json
732,json
767,json
778,json
841,json
768,json
841,json
821,json
792,json
690,json
732,json
767,json
778,json
841,json
831,json
722,json
767,json
778,json
841,json
768,json
841,json
277,png
277,png
283,png
278,png
491,png
499,png
522,png
515,png
300,png
292,png
294,png
299,png
227,png
220,png
233,png
230,png
296,png
290,png
289,png
292,png
175,png
174,png
173,png
168,png
375,png
408,png
419,png
409,png
226,png
213,png
204,png
214,png
227,png
220,png
233,png
231,png
211,png
203,png
189,png
201,png
184,png
182,png
182,png
177,png
410,png
441,png
454,png
448,png
234,png
220,png
212,png
223,png
225,png
218,png
231,png
228,png
215,png
210,png
198,png
211,png
751,png
449,png
468,png
633,png
426,png
2058,png
119,png
149,png
121,png
121,png
121,png
156,png
139,png
115,png
142,png
174,png
322,png
165,png
322,png
2049,png
364,png
442,png
560,png
413,png
168,png
114,png
158,png
331,png
164,png
392,png
165,png
443,png
211,png
392,png
178,png
1653,png
1687,png
640,png
1435,png
636,png
312,png
687,png
706,png
510,png
591,png
2058,png
244,png
668,png
134,png
177,png
98,png
98,png
98,png
156,png
284,png
328,png
323,png
365,png
302,png
105,png
1195,png
396,png
2063,png
1729,png
369,png
279,png
315,png
2281,png
2051,png
560,png
2229,png
179,png
368,png
387,png
351,png
279,png
339,png
2472,png
658,png
1215,png
1207,png
4086,png
1295,png
228,png
418,png
620,png
968,png
889,png
1027,png
3478,png
4493,png
230,png
221,png
220,png
1455,png
1122,png
1426,png
847,png
798,png
1828,png
2088,png
9768,png
1022,png
986,png
12942,png
2328,png
4357,png
590,png
578,png
203,png
209,png
373,png
367,png
2467,png
1229,png
1175,png
1382,png
629,png
639,png
1522,png
783,png
2253,png
2814,png
962,png
943,png
1133,png
2472,png
997,png
966,png
2107,png
1203,png
1525,png
2336,png
1927,png
3517,png
2595,png
631,png
631,png
552,png
752,png
1019,png
429,png
423,png
2204,png
1072,png
1046,png
2089,png
1357,png
4866,png
1185,png
534,png
502,png
510,png
817,png
603,png
1102,png
1077,png
1366,png
506,png
506,png
3520,png
1150,png
1136,png
945,png
921,png
1587,png
1700,png
6034,png
1580,png
382,png
382,png
7711,png
420,png
414,png
5674,png
338,png
327,png
2508,png
232,png
4768,png
544,png
540,png
2593,png
220,png
1088,png
3974,png
1604,png
1324,png
4428,png
1655,png
843,png
795,png
747,png
4222,java
9153,java
3045,java
4702,java
9479,java
8814,java
4497,java
9516,java
5238,java
5886,java
2968,java
6450,java
3455,java
2014,java
4306,java
917,java
4010,java
1618,java
1437,java
127,java
14617,java
7662,java
2981,java
5142,java
8771,java
1928,java
5480,java
17201,java
2824,java
13761,java
4694,java
2970,java
3882,java
4879,java
14300,java
2842,java
953,java
988,java
674,java
11541,java
2677,java
511,java
911,java
1634,java
1138,java
1855,java
289,java
1349,java
1760,java
2100,java
1585,java
1719,java
953,java
214,java
2530,java
124,java
1798,java
443,java
563,java
560,java
919,java
1263,java
9338,java
3097,java
808,java
1231,java
1235,java
12596,java
25461,java
8410,java
1966,java
6747,java
2171,java
5531,java
2859,java
3061,java
3007,java
9044,java
12074,java
8544,java
9815,java
19940,java
7246,java
5249,java
4190,java
1614,java
4360,java
2940,java
7728,java
4766,java
1900,java
3521,java
3760,java
1298,java
5325,java
306,java
2916,java
221,java
5007,java
13975,java
18735,java
1044,java
3408,java
5414,java
2854,java
15268,java
5718,java
13079,java
1174,java
10726,java
2217,java
2076,java
1803,java
5942,java
5006,java
514,java
4994,java
6380,java
3169,java
961,java
3046,java
983,java
813,java
435,java
28506,java
3957,java
9009,java
4777,java
13119,java
3477,java
8272,java
22290,java
4239,java
1013,java
5680,java
2788,java
11972,java
13913,java
54525,java
9825,java
9535,java
4599,java
3976,java
15792,java
2085,java
2715,java
789,java
7778,java
2823,java
1707,java
1871,java
814,java
3144,java
2979,java
3541,java
5664,java
6867,java
4816,java
4237,java
5141,java
3894,java
1438,java
2290,java
5813,java
24343,java
