contributor,count
deltanedas,89
Quezler,87
ghost,75
LixieWulf,64
Legomonster33,43
sk7725,42
Hexrotor,35
BorisA11,28
Kieaer,25
JasonP01,24
Darkness6030,24
Highfire1,22
Slava0135,22
Anuken,22
skybldev,22
CaptainCosmotic,21
SSTentacleSS,20
rodrigolitzius,20
buthed010203,19
BasedUser,18
the-red-soul,17
LeoSko,16
MEEPofFaith,15
willis936,15
z0mbiesrock,15
RebornTrack970,14
way-zer,14
Jackson11500,14
younggam,14
Eclipse-04,13
omgaXD,12
Ilya246,12
D-player1,12
Arkanic,12
Slotterleet,12
Larofeticus,12
QmelZ,12
rekokoro,11
broganeuquoixe,11
nanmenyangde,11
JniTrRny,10
Agzam-Ar,10
ilya034,10
CitrusWire,10
antonilol,10
overdramaticpanromantic,10
NiChrosia,10
abdallah362,9
NoExit4U,9
joshuaptfan,9
Syncinus,9
Esnardo,9
mse-k,9
Catchears,9
SITUVNgcd,9
Somka000,9
XEN0PHIL,9
famo,9
SoMall-dumpling,9
Vortetty,8
begginerr,8
Shawak,8
AtobaAzul,8
Excavator987,8
itcannotbe,7
XxsuperdeadlysniperxX,7
Nunting,7
claw4oo,7
Nester23,7
squi2rel,7
EntropyAuthor,7
Katsute,7
CoCo-Snow,7
Zelaux,7
Kubek0212,7
BlueManedHawk,7
SVlad11825,7
ziszlo,6
summoner001,6
Bohaska,6
Hyasabaru,6
grimsoul7,6
Bottinator22,6
haltalt,6
Comodo17,6
matkoniecz,6
UltraBlackLinux,6
shugen002,6
50275,6
OAtobaAzul,6
antsif-a,6
tezlm,6
3Circle,6
Odin580,6
JasperChaseTOQ,6
Sanya2907,6
bend-n,6
iLagSoUhax,6
Erisfiregamer1,6
Alstin112,6
huifeideteji,5
hshsxhsb,5
BalaM314,5
HerrBach2001,5
00001H,5
Nanosuitwitdaboomboxwhatsongwillhepla,5
Prosta4okua,5
LeahLuong,5
oinkymoo,5
tucan9389,5
NeonSupernova,5
TheMeltdown201,5
MrDuck557,5
rnauber,5
SimonWoodburyForget,5
mahdoosh1,5
TonkyBoi,5
shahribek,5
Famous5000,5
Malmik,5
SMOLKEYS,5
polak-jan,5
schittli,5
limonovthesecond2,5
AESIR-Foopy,4
stoneRdev,4
RealWetter,4
L0615T1C5-216AC-9437,4
GreyMario,4
Ivan452s,4
BUSH48228,4
Yo0o0o,4
RusLeonid,4
colinmarc,4
kapzduke,4
Sh1penfire,4
Jornker,4
HawkMock,4
Khanx,4
noncom,4
gh-doot,4
CaeciliusInHorto,4
USMP-lancer,4
TheMrAlbert,4
iwantmyaccountback,4
pyokken,4
Biggocl123,4
Rovstam,4
Xaphironius,4
TheGamer1002,4
ROBLOX2ENTITY,4
mangblekok,4
nodevlfrb,4
movercell,4
hadron13,4
liuxilu,4
mayli,4
Ineedause,4
siede2010,4
Kaviaki,4
Garen7,4
GlennFolker,4
Wencelsav,4
Absolute359,4
Juztplayz,4
itday,4
emorrp1,4
cigarmemr,4
Beanzilla,4
abomb4,4
driver1748,4
linglan512572354,4
Galahadagent,4
Suggestedone9,4
llacqie,4
islq,4
ILiekMelons,4
Lao-Hua-Ji,4
LeggedMacQueen,4
SkinH,4
bluet-it,4
Draco18s,4
Remint32,4
arin-prashar,4
codiophile,4
Karo4eKY,4
TheChosenEvilOne,4
ICrowleyI,4
Maxter-1,4
Colonizor48,4
Violet-Scarelli,4
darklordabc,4
potatoisagender,4
Fabizocker456,3
Kokolyb,3
pixaxeofpixie,3
ifritdiezel,3
Neil2101,3
TranquillyUnpleasant,3
superdinmc,3
Piano23,3
walksanatora,3
Volas171,3
mercury19,3
crazybim2,3
darchon30704,3
PTALTS-LK,3
sean-gribben,3
Skilifer,3
unknownzzzz,3
Liftyee,3
Domaman202,3
NIK3O3,3
endcr,3
Rafaal1104,3
FeyFre,3
FatalThrust,3
gej302,3
dragonMau,3
Hot-Sausage07,3
bartox1,3
Eschatologue,3
Unexian,3
nekit508,3
Dexapnow,3
Rusomati,3
Intervection,3
liplum,3
NexusDarkshade,3
Austin5003,3
guncatt,3
Eldoofus,3
linkmauve,3
Cleanup-Crew-From-Discord,3
Milinai,3
throwaway1037,3
fgaz,3
gamereapere,3
Creater3d,3
gabrielbr1802gcc,3
LTHPKBTE,3
CaribbeanMax,3
TechDudie,3
Gab304,3
DX-36,3
findoff,3
Ksawi999,3
Nils101,3
LaoHuaJiOfficial,3
70178637,3
ricardo1003,3
alsonkemp,3
hublylol,3
SilinVeredno,3
ZacBytes,3
Auseawesome,3
1Gvand,3
MinRi2,3
galyfray,3
DarkBrick,3
l29ah,3
StuffPhotonDev,3
frenchiveruti,3
CheshireC4t,3
Mechanicalfish,3
hahaslav,3
Void-Syrex,3
BonzieC5303,3
Vlexa,3
Redmountain0,3
vgaming,3
francois,3
serdarakkilic,3
SkyeTheFoxyFox,3
NeviNovat,3
Kenny-Ofc,3
JojoFR1,3
hortiSquash,3
Serzhmmm,3
rylid-umil,3
randomgyu72701,3
Zagrox11,3
a3skales,3
stacktrace-error,3
cyphercollider,3
OinkyPlayz,3
Nikolass1000,3
Stone-Dog-Millionaire,3
yesC48,3
Yep-Nope1,3
Sector171,3
Xeloboyo,3
RouterChainsSuckk,3
LOVECN81,3
simply-peachy,3
Olo123pl,3
SunkyMP3G,3
TheAirBlow,3
ThatOneBepis,2
Gee-aitcH,2
Chenjox,2
miiichael,2
downloadpizza,2
Ribbons0121R121,2
woodjecket,2
DUOsoul,2
MuMingWYH,2
jgonyea,2
renebrucknerjnr,2
TsjipTsjip,2
Funny132,2
evildoor13,2
Rustree,2
mActUx06,2
1vCiIJuykCcqeqf3RYcN,2
Jammo2000,2
linsui,2
Eliviastoregame,2
Guyyyyyyyy,2
Vect0r0,2
Bismarck131,2
Raotor123,2
nrombes,2
metamuffin,2
MekBoss,2
Naheulf,2
Solvedegiggi,2
dkyleward,2
dheld,2
Gradass,2
mvrak,2
Loginpls,2
misterperson,2
SmirkyCat,2
Karyl256,2
Xarond12,2
traincrisis,2
ErPyrex,2
torwesterlund,2
1RedOne,2
LAMMAZ222,2
owenboe,2
Kevinindo02,2
3Snake3,2
24110802,2
Ilia1232,2
yfdyh000,2
MaciejGorczyca,2
Linnnnnna,2
nuemu1005,2
MageDelfador,2
RealYeet,2
xicscon,2
Thai3101,2
12358abc,2
WilhelmW,2
kinggame222,2
inxanedev,2
xslendix,2
Gerdathlete,2
chancy7,2
laserman367,2
Dark-Diamond,2
Bamnaman,2
JwMango,2
Shadow3276,2
SergSel2006,2
DarkEyeDragon,2
IlSashalI,2
DarkAnturian,2
User-green,2
knzconnor,2
Fauli1221,2
FredsMedia,2
YellowAfterlife,2
Bell2U,2
mdtrooper,2
sharkck,2
Jotunheim12,2
Calvin-rgb,2
radistmorse,2
jvaler1,2
XtnehX,2
throwitthefuckaway,2
JesseFlorizone,2
Ciliane,2
Cpppppppppplus,2
InvalidError404,2
genNAowl,2
whio,2
blackouish,2
Patryk434,2
GamyGamer,2
Mnemotechnician,2
Ansraer,2
anar4732,2
TRRESTGHGYTCFTGBCXSZD,2
ImBadAtMakingNames,2
valtsu41,2
DFAltmann,2
STAPLER0,2
Artemov2021,2
dan-1am,2
RusselPlayz3422,2
UnionofSovietSocialistRepublics,2
jojoblackFr,2
BRUL,2
Sp3rw3r,2
Newguy-ish,2
QuarterEighth,2
azureblue,2
ZetaMap,2
BuzzsawWWN,2
DatOnePlayer,2
Kristallito,2
godoen,2
Arcrentan,2
mrblackhayate,2
Axzye,2
MichaelTrudeau,2
Terio9,2
LambdaVoid,2
TastyGold,2
quanium,2
oborsha,2
SownGryphon,2
kotomaran,2
GioIacca9,2
Catmaniscatlord,2
reddraegon,2
kotok9,2
ChiefChips,2
swenkeratmicrosoft,2
gmnenad,2
Radsi-Jay,2
LottieVixen,2
therebels17,2
sekomidev,2
NoahMarple,2
Cobbet2,2
aviegdown,2
grimsoul10,2
ruggi99,2
MattMills,2
Surviavlist,2
FireWingLead,2
matheod,2
djradnad,2
nilederg,2
avevad,2
InfernoSuperNova,2
xC-5x,2
jakubDoka,2
3thanguy7,2
Ohloan,2
KyleTheJudge,2
braainsiogame,2
greenhor,2
Fatonndev,2
Ceuthyn,2
Sunless7,2
kdrag0n,2
bugreporterboris445,2
Industry-Master,2
Shaneilenin,2
KnightGabriel,2
pimikiel,2
Kreyren,2
Wilker-uwu,2
aushafer06,2
heckelson,2
TotalFoc,2
GaviTSRA,2
ProteinPig,2
yetyeeter1337,2
BaseModMaker,2
xzarfs,2
imTheSupremeOne,2
JuicyJuuce,2
rozza-m,2
Yoroppa,2
bishbosh69420,2
MrZoid,2
FlippingPotatoes,2
CornStarXL,2
Laggyboi0701,2
Celelste,2
ethandudu,2
Slawmee,2
Sky4ce09,2
Lightforger,2
ninjassifi,2
KartikAgarwal1996,2
midmm5,2
wdmvv,2
Hypoon,2
wojtekpolska,2
Crewm8,2
Geiz234,2
GitBobCat,2
ArifDaniel,2
koVKi-Kostravi,2
Dude-324,2
Hibari233,2
PalatinatePotatoFarmer,2
rix117,2
SuperStormer,2
Cyastis,2
Electro9899,2
Elysiummmm,2
SpectralSen,2
LegusX,2
Playfree1,2
eclipse1408,2
ytrytio,2
unikur1570,2
Haznobrain,2
ZeleniyKustik,2
Illuminaty666,2
Dangleos,2
Edwardl256,2
Cxyu629,2
Cy4nnn,2
Giahungdepzdaizdalai,2
Otamamori917,2
CrazyGG3r,2
JeanJPNM,2
EggleEgg,2
Amirka0101,2
simoncheli,2
Zinuxus,2
FredyJabe,2
KirBo111111,2
CoCuCoH41k,2
saroqe,2
BlueTheCube,2
cheburashka777,2
Floppy4,2
A4-Tacks,2
Catana791,2
Mythril382,2
kJNCwBUq,2
DarkJune0122,2
Odepax,2
yangfl,2
phinner,2
Ariancarlos,2
Tobelusi,2
YmStrip,2
nabi132321321,2
kencingdisurga,2
justintimetodosmth,2
wang1986one,2
Urbokie,2
Juliosh422,2
Antlrr,2
Goontnt,2
opusforlife2,2
RGBProductions,2
Ayushkiller,2
4ugu5tu5Kl31n,2
progval,1
nikitadan4pi,1
adri326,1
BanhammerUA,1
Arawetia,1
Naokogit,1
paperdev-code,1
themann199,1
Alex536-eng,1
Nathmon565,1
Positron832,1
shadmansaleh,1
Uhrbaan,1
DarkLordRoze69,1
diegosandovalramirez,1
joesdesignfacility,1
MacBookAir2018,1
guccioGucci28,1
SwiatoslaW64,1
alekey313,1
i9e1,1
fosfuchs,1
paulwratt,1
O-The-D,1
ThatTwisteesGuy,1
1010cool,1
MPJCUIS,1
Riduidel,1
protocol-1903,1
HumanBean06,1
SumNutz,1
n4bullz,1
MaxBuelens,1
timhorn1,1
here-be-username,1
DeSpecTDr,1
iuriguilherme,1
GeoNew2011,1
Ziron528,1
songsammy,1
ReinFuentes,1
Ranana97,1
Starshawn13,1
datalot-369,1
EricKnaak,1
JuneRise,1
rorya01,1
MertDemirhan2,1
Trsmywhesrmyyntsnytcyjcmyxh6df,1
the-kido,1
TitanicScroll32,1
SupinePandora43,1
the-sluggiest-cat,1
Kyllingene,1
KingKrafty,1
varicium,1
C0deMonk3y,1
PenelopeFudd,1
KeyZenD,1
miguelts485,1
bhimio1,1
Elactic,1
mindusters,1
N07070,1
Trumbert,1
maurice-schleussinger,1
Barutcu20,1
motaywo,1
strugee,1
ZenXSin,1
logansterMan,1
Mads068u,1
PraNor,1
SkylerJC23,1
TheDarkSlasher0013,1
iansmith42,1
Juja-Gaf,1
Geodafence,1
TheRamenChef,1
cassiopc26,1
Duvent-mindustry,1
SylerFire,1
andy-bunny,1
jwiechers,1
AsterixAi,1
FelixDes,1
ThePythonGuy3,1
hsaturn,1
imreallybadatnames,1
parkouristik93,1
Mattilego,1
Danil006,1
Kirusha28,1
GolfingCentaur,1
ASFRedstone,1
dajmnogat,1
ChingSteven,1
enigmafyv,1
Plagueboi,1
Lancelot1151,1
neil11008,1
n00b660,1
Remenod,1
Lazaro797,1
noashie,1
PaintedCat,1
Kazbek08,1
WeiJian122-afk,1
MrMks,1
Gdeft,1
yuhaaonan,1
axys16,1
n-shift,1
Maarten-buelens,1
pitust,1
nekonya3031,1
Vladislav117,1
Miyaguisensei,1
Redstonneur1256,1
Makeapro,1
SteelBlue8,1
Hawrylakhl,1
Abrifq,1
gilad905,1
rabit232,1
bsjohnson20,1
xXredeem34Xx,1
daizehnd,1
FishGutter12345,1
zabzabzab,1
VBismuth,1
vghfr,1
DockedSiamang22,1
Mothership007,1
Ignacy-s,1
Medicinexs,1
wolfy9011,1
Murdyxd,1
M0v0,1
dextruax,1
Twcash,1
Rundll86,1
DeadPig99520,1
FireBurns3090,1
relan,1
snack-ie,1
medpig,1
Maxfox1387,1
Paum380,1
Khalltlag,1
theredstone496,1
asdep1,1
oguh43,1
Bobrus10,1
Charlignon,1
dinomendino,1
Goncalves221,1
mindustrybeta,1
danypand,1
PAP6,1
ZuZu84,1
GORECKIPL,1
RedRanger5577,1
Lukas0374,1
davlucas,1
zyropz,1
Star98Blazer,1
A5TR0spud,1
Perrito317,1
KILE9966,1
TriPartiedLand,1
Karl-Markkus,1
rawchords,1
Nyther,1
Chrysaloid,1
ItsJony,1
FoxyFoxy67,1
Tooto,1
zaky1122,1
tregouetkevin,1
stikonas,1
Tazshelby2016,1
TheBestBot,1
bossSHREADER210,1
Voz-Duh,1
VarroWayland,1
DandomMolt,1
Droid-Destruction,1
mmitch,1
Reznoriam,1
Volatile111,1
LeJaun,1
Tynach,1
limb-trimmer,1
ConveyorBusBuilder,1
prismatica-dev,1
Harriser,1
StellarGamez,1
lemon7603,1
Canardou,1
M-TTI,1
Gamer-art9044,1
Auswaschbar,1
TrueBlueFlare,1
ilvesBogdan,1
notrealn,1
Mavment,1
karma999-taken,1
Makar-Ts,1
Marwan-magdy2211,1
Megaboto,1
Murzik179,1
Spyrox17,1
Ddobavka,1
FatalS117,1
Paladynee,1
cprince,1
AbyssalSans,1
TMMustafa,1
johnc6209,1
mhanzel,1
fallowmar,1
kill-john-lennon,1
iCSpotRun,1
Master-Rus,1
Mythicavenger,1
ammv,1
1233413,1
Bindernews,1
mockwriter7772,1
el-Basketo,1
TNT331,1
AndromedaFallen,1
thesupertechno,1
9Two4,1
kibuika-gif,1
Quick-korkc,1
Tidus797979,1
naren932,1
qrss,1
5382Ander2,1
Dart25,1
SaksefonTM,1
0Wilfer,1
markalbert7,1
bapageGIT,1
victarionmagne,1
DocTheDoctor,1
EmenAitch,1
Mothyyyyyy,1
laok233,1
no112358,1
wongjos1,1
Zadras,1
SReject,1
sevenyearsdungeon,1
Kyrros,1
KazumaIgarashi,1
pkuppens,1
Lonami,1
FinishedFragment,1
MagnumBasic,1
AldovdBerg,1
aajkrvv,1
wwyatt2112,1
FreelancePoliceman,1
rly4498,1
Horn772,1
uygsd,1
odis182,1
Durmiendo,1
dudecon,1
NeoXGameRC,1
Rensen242,1
Xyzair,1
nvcbl,1
skyon2,1
halfheart-games,1
Nghiem-HuyHung-11222608,1
swooboo,1
s2r222,1
tadforever,1
LionsPhil,1
vincentsels,1
SilentOwl476,1
Blacksail-1,1
ProstoProlletariy,1
v0vaku7ub,1
hwein2,1
bar0nch,1
saivamsiwastaken,1
acidduk,1
maxyvisser,1
SomeGuyNoOneKnows,1
Ghazzwaq,1
Wintertannenbaum,1
Jeamorg,1
SomeKittens,1
nicowo-621,1
trungpro200,1
Krizis112,1
gitfish256,1
suprainfinite,1
LoneWolfGmer,1
Fryto012,1
Guigui74,1
TACO1221,1
LigandMT,1
Minimaxi28,1
kenorr11,1
GalC4,1
Jorerlol,1
coolrouter123,1
Sponticus,1
SystemRyker,1
C0rn3j,1
yaboichris0,1
InsertUser,1
Vertix8,1
CecilakCZ,1
Admiral-Billy,1
bruglet,1
EtichBruh,1
Shiningdark0930,1
Bedsurfer,1
steelphoenix4,1
voidborn-one,1
santiagocezar,1
FunyValentineD4C,1
PikarizardCharikachu,1
q00u,1
tdpo2,1
Matitron,1
Snoop-Bob,1
itush20,1
camerondeano,1
CergC4888,1
6zow,1
Muffin-Afk,1
FlamesWillLive,1
Lorence12312,1
CBMShadowGD,1
Vensere,1
xXSEBASTIXx,1
Douile,1
DarkSinss,1
SaigoN0Nozomi,1
CxZxRainzzz,1
nottisa,1
a4404z,1
frogman85978,1
Ian-Boraks,1
evans502,1
LauSto,1
game-stuff-official,1
ArtemS2,1
BruhderBoi,1
Jaujahuil,1
WHITED4WN,1
ArthurDavletov,1
TeabagNation,1
Cloudy2011,1
Someone-3,1
WTF919,1
saxenification,1
Deadly6666,1
Patryk368,1
Essnato,1
Emrio,1
Sharpy2349,1
shadownext,1
zekazaika,1
THEENDS8,1
420gang,1
Some7hing0riginal,1
Muxanuk,1
EvanSucksAtCode,1
ogurhd,1
SiroG7,1
DerpyMoa,1
VloBoo,1
moonlgiht,1
Sentinel28,1
Horizon333,1
llLordAzazel,1
poiuytg,1
RogerioPiatek,1
YotaXP,1
rar8022,1
Gvygex74,1
spirritus,1
Kamikazafly,1
ajoy39,1
GreenGradientMan,1
DethDefier,1
TerraStalker,1
LiptonItTea,1
IProgramWell,1
xiaomuhun,1
General-1,1
mrnossiom,1
jakiki6,1
AE0L,1
scoennz,1
Firestorm827,1
Terran-is-Here,1
pieshrimp95,1
MrEgor4Ik,1
TwistedNeo,1
Lucas559-noob,1
produde1,1
Gorock,1
brandonegbert,1
mindustry-player,1
edwinvautier,1
ErolKit,1
Flipp3rrr,1
iRatzeyMezeri,1
alberthier,1
houxieyu,1
Squidy-Boi,1
BanSheeH2D,1
Br647,1
Lighthez,1
scarabdesign,1
Fekus310,1
DarkestSeconds,1
TsarF,1
DE3000,1
LionelBergen,1
idodoroz4,1
PigpoleEnjoer,1
Gasaraki,1
ftvkyo,1
pozibrothers,1
hardliner66,1
xtophyr,1
Jiawens,1
matematikaadit,1
Yoloskeet,1
Hlorit,1
slatoru,1
KiloLiuton,1
PSeba-M,1
HigherDimensio,1
morristp6,1
K33RAN,1
bencbartlett,1
TechFish3000,1
Oti180,1
leonardoBRASILERO,1
moonheart08,1
simodark98,1
luketheduke492,1
NickLalo,1
Deliphin,1
glotok,1
icosamuel,1
pyronie,1
genii11,1
ebess,1
vadim556,1
Minecrafter69,1
TechnologyClassroom,1
theshizik,1
chtenb,1
mkaatman,1
SabreRunner,1
XenXL,1
acheesethatsblue,1
buggif,1
Mrbruhhh,1
WilsontheWolf,1
schumannd,1
Cooky-12,1
jordan-woyak,1
ValeriyRa,1
tsal,1
Dolphin2Point1,1
filippog,1
Xusk947,1
brettfazio,1
GoodLucky777,1
Goto-Namj,1
Vldtzzz,1
theFox6,1
dbnaruto,1
AtomicStryker,1
Astralchroma,1
EL-ITIAGO,1
idk-idk-idkfhdhfhfh,1
MrTomek,1
smarek,1
xianquu,1
UltraSpeci,1
Neoz30,1
LinuxLust,1
donaldr3,1
frm5993,1
giorgio-paoloni,1
RandomsongV2,1
CatSword,1
VulcanIsMyDad,1
runiArnsbjornson,1
Veraghin,1
TwoRincewind,1
player20033,1
Everlost065,1
ziggystar,1
EwlKirill,1
faithful235,1
ALoTron,1
alzurken,1
SynedraAcus,1
Ray34245,1
CodeDoes,1
VXF2016,1
arakido,1
wade-fs,1
Staropanethy,1
SilverLuke,1
PwnHammer007,1
HeeYo,1
danielpcampagna,1
XmobxkillerX,1
kathool,1
dhaveman,1
Derekelpapu,1
Brandanvimi,1
CalenLoki,1
codehz,1
Garr890354839,1
MaceRolfo,1
erikbsap,1
est31,1
Redo11,1
Makaim20,1
Greenfoot5,1
Gordost33,1
PaulBags,1
subchannel13,1
calpa,1
Untiled-infinity,1
s21825,1
benjamin-kirkbride,1
rangzen,1
noby256,1
skeenan947,1
Goofyschooler,1
draoncc,1
acul2012,1
venulat,1
willhansen,1
oopsplus,1
Soulflare3,1
NemoStein,1
mougrim,1
Andreas-Schoenefeldt,1
romandecker,1
max8rr8,1
sharpenedblade,1
mmis1000,1
ashie404,1
zicklag,1
vkuehn,1
Scawaffle,1
tomoeuehara,1
AerosolNinja,1
liorabel,1
azekeil,1
null-dev,1
CVex2150J,1
KSKNico,1
KurzedMetal,1
PsyNyde,1
ShadowsInRain,1
abaines,1
bloool,1
ganchek9957,1
Damgam,1
Prezombie,1
firdacz,1
Valyssa,1
phamdung3,1
davidmather,1
Mesi1010,1
DraconYale,1
RMZeroFour,1
RandomEngy,1
lukanin12,1
ProactiveServices,1
fionn132,1
SmolGreenBuggo,1
Deiteriy2,1
Pixelstormer,1
guyomen,1
apocist,1
chuhanuman,1
PosionFox,1
GithubSuckBigTime,1
Rapidgame7,1
osoitz,1
NLinCH,1
intenscia,1
micahdg,1
Hodhandr,1
intergalacticsuperhero,1
Angular-Angel,1
Uesjsgisbsh,1
ajd07,1
zatnas,1
carlymx,1
daniel071,1
GeneralsDuty,1
Quanhacks,1
Lemonislol,1
jjlearbo,1
AbuuMonkey,1
whatthel,1
lazizjon212,1
mlggaimer,1
Koteyka-dev,1
FiniteInfinity0,1
vizthex123,1
rb41l3y,1
TheEvilSkeleton,1
Bot420L,1
rjb25,1
TickTakashi,1
superb0y03,1
SnakkiZXZ,1
LeRandom3676,1
Novanox4,1
VasianDuban,1
comaldave,1
KK6DOC,1
Firgen,1
bikename,1
hapaxant,1
c-128,1
Returi3,1
Raoul1808,1
perfectgood,1
nikara,1
skiv4a,1
far1shs,1
rafaelandrepedro,1
Rammschnev,1
JohnTing,1
GergiiA,1
RubberDuckShobe,1
Nerahikada,1
mtcfk,1
DSFdsfWxp,1
eBled,1
bin-tenkuu,1
ModMinder,1
kirill97513131,1
tyrifv,1
Spicy0903,1
kleo,1
adhu2018,1
kerong08ng,1
Agent-coulson,1
antoniogamiz,1
zeronineseven,1
FedericoRocca,1
Pyrotex2,1
HKalbasi,1
kfreimanis,1
cybrandir,1
Daves-car,1
Shadow8472,1
MrWunz,1
mostevil,1
MrByars,1
RanPix,1
Sluethen,1
Cryotheus,1
hfib,1
alfieparkin8,1
Mr-Optimus,1
thomasdn,1
Hellblazer911,1
Gundam627,1
cosMICrus,1
Elick320,1
median109,1
Igor17122,1
goaran,1
Sleuth56,1
Spartanq,1
ETmecka-06,1
kldashjfhasdf,1
asl97,1
AayushSabharwal,1
awia-the-fuwwy,1
leumasme,1
JuhaJGamer,1
MasterBroki,1
BinaryElement,1
Gwynbade,1
itzagoose,1
WWOLGA,1
GlasskyVL,1
Zephrnos,1
Droideka-cis,1
L404-Venik,1
nikmartin,1
natsudragneelthefiredragon,1
Ebnater,1
kirillkotyatkin,1
a-j-smith,1
LukkyLK,1
lheckemann,1
Carbadox,1
Enmanuelol123,1
Fodicon,1
gulmorte,1
Flashvlad,1
rafket,1
MadhuizenT,1
pvchean,1
prettypinkpansy,1
ado1928,1
thw0rted,1
vydohr,1
benkey0,1
snowclause123,1
carlosnet85,1
TundrumMax,1
kfeaginsiii,1
DerpFace00,1
Rasip,1
K103908,1
EmberHeartshine,1
andreyorst,1
ThibaultLemaire,1
Itzbenz,1
228722,1
0x0737,1
UserMax1,1
itrynoxl,1
wasikuss,1
sulai,1
eyehol3,1
laurentopia,1
bcmpinc,1
mattpatt59,1
COOKIE-184,1
Lau996,1
Kaesemuffin,1
DannyBoyNg,1
zxsrxtrepo,1
Scofard771,1
sedruh,1
rickastlee,1
FLuuuuFYNES,1
Joyte,1
PetrGasparik,1
admin-ll55,1
1zx1120,1
Zzombiee2361,1
octo-kumo,1
RogelioAyus,1
morsk,1
Akxe,1
himself65,1
Kharnellius,1
SpeedofDeath118,1
suprnova74,1
mkhan45,1
Jonny007-MKD,1
TGtg9,1
MiguelEXE,1
Belissimo-T,1
DCinAC,1
Recessive,1
snizzo,1
tokenmath,1
Phentaur,1
mmm1245,1
catsAND,1
feu-follet,1
DoubleTapper,1
JurkoDev,1
FennxDZN,1
lluchs,1
Nachtschatten,1
MikouZonata,1
jameswestman,1
daniel29348679,1
HappyGingerWolf,1
infinitedaremo,1
atiedebee,1
dgudim,1
I-Tfar,1
gm907,1
Calculus-Master,1
Ciaran876,1
sourleemon,1
ClownGolimyi,1
imsuck,1
MexicanBoi2002,1
azekillDIABLO,1
egg-chad,1
zhu48,1
markozajc,1
Exotic-Algorithms,1
Galaxy-boop,1
rednax360,1
MinerIndustry,1
GoldAndRedstone,1
nullptr-deref,1
Legioner8369,1
GrandTeki,1
MrMasrozYTLIVE,1
evornell08,1
Prynpo,1
RealTaCo201,1
ksf,1
duma777,1
COALROCK8642,1
Baldur404,1
rouvwhqk,1
VdobleMSG,1
KellerKindAs,1
korsarer,1
chenyning,1
LIXEROGE,1
madmagic007,1
dragonion123,1
richlalsingh,1
matt-arcticfox,1
shangjiaxuan,1
Afee888,1
SukkaW,1
Werenter,1
misaga15,1
ashybashy22,1
JP16D,1
Orange1118,1
kritsr,1
Prosphyte,1
Putiodas,1
SpookyCTT,1
PineaFan,1
nak-attak,1
middle1,1
end-me-please,1
mblazike,1
LOICVAL42,1
SandFogaz,1
Corsh,1
dintomin,1
ConfusedTick,1
Blockzilla101,1
divine-ray,1
TheMayhem6328,1
DaGamerFiles,1
Anonymous-02,1
AnthonyPOLAR,1
HybridDeath,1
yanhuayilei,1
HeroOFGorres,1
IvanDem2009,1
fl215,1
damonsmith,1
byzp,1
NagameRlol,1
xstabux,1
Fl414r,1
Priohm,1
LargePrime,1
samurai2227777,1
Weptlogdotzip1,1
AnVation,1
IFRFSX,1
Maks3310,1
NWJ9PB,1
ral12543,1
agergo100,1
liuxirui02,1
fede0009000,1
Lesani,1
tiger223s4,1
genialnos,1
DuckersMcQuack,1
Dat-Guy,1
youmukonpaku1337,1
theperspectiv,1
noobexeiii,1
darwin1501,1
Ramiels,1
TyTxexebe,1
imawalmartbag,1
skipydog,1
Timluuvu,1
Infinity-Energy,1
Dawn-Xu-helloworld,1
Ikxz,1
Trepcilonk,1
YibYab,1
MontraguExolum,1
CellTaur,1
Gadgetroch,1
coder1454,1
Plastel,1
FunkyPotao,1
jweather,1
xlPekkalx,1
Quiark,1
LordDoge,1
RealHifumi,1
sibainu2,1
kmanwar89,1
Bafalutinm,1
FateMaga3,1
theosherman,1
whywhywhy821,1
Banyc,1
NovaAndrom3da,1
babazga,1
ManuWar73,1
SiriusGold,1
ahmadAria001,1
wojtmic,1
SunmineGithub,1
MoonSolo,1
ImMrKracken,1
Raif1,1
davirec,1
Peteydog,1
Valoneu,1
FOIAX,1
SsNiPeR1,1
Nategaming10,1
ItsCommanderK,1
erw1nromme1,1
AWSZ12112,1
Radio-Silence-1,1
Thebenjiball,1
NiTiSon,1
Ridhwanluthra,1
Just-a-Unity-Dev,1
Inventor4life,1
k0vl,1
Peugeot205GTI,1
1dNDN,1
HEXAGON5361,1
Naginat4,1
elMepox,1
XgitsX,1
rewrite86,1
VictorysHerald,1
ElectrifiedMind,1
Vitoybed,1
kaianimatez,1
ProfessorBrian1,1
Makc-Crawler,1
Arcanilius,1
Pum2526,1
HandsomeHarry,1
VincentWangzt,1
Thirdsmash,1
MinirichiPap,1
Arcluigi,1
keithaw,1
JoeyKimKoreaSub,1
G-WE,1
q2wyx,1
Poiltris,1
BelicusBr,1
Incomus,1
bwennn,1
LordTimofeus,1
ParticularGuy,1
renguoa,1
Estebiu,1
cub28,1
trainb0y,1
AlterSchal,1
rowan-sl,1
Elartrios,1
maksiksking,1
fuger2280,1
tatzio,1
cosmo5001,1
sealheart12,1
MKSO4KA,1
phoskee,1
theSignSaysDie,1
DkurowithA,1
TihonTre,1
pk27734,1
Ninjdai1,1
gedeknepper,1
Mia75owo,1
ShadowFoxy34,1
CreepyQuin,1
BhushanDive,1
DrPHDCat,1
Lotertoi,1
RitBulb,1
vladtepesch,1
SpaceEarthEX,1
tankhellfire,1
vohai2003,1
cmaas,1
Nipern1per,1
LeTuanVN,1
Xaocsoul,1
Royalgummyworm,1
JinxCade,1
stoltzld,1
Why-not-now,1
yawaflua,1
Tony555x,1
Rartrin,1
BnDLett,1
Mcmiko05,1
StrayMan-exe,1
Abelardo0503,1
MineCircleBlock,1
robtech21,1
VVhale-1,1
Falling10fruit,1
MrRichPoor,1
Deathwisher1,1
INDxSOMESH,1
theoallen,1
SevenBlocks,1
pixelv999,1
Ishakkkk,1
mrendleman,1
luiges90,1
soredxxx,1
haseln,1
Industrial15,1
Sussy919,1
Splarkszter,1
Tien118,1
NazarikCH,1
AzmeurYahigai,1
Maxime90Rigaud,1
Priyantha-IT21021534,1
Skyhero011,1
Conoop,1
westnordost,1
CallMeDutch2141,1
awaMATRIXxN1,1
sandXI,1
Atreew,1
spacecowboy2999,1
GreeningSiren,1
nktice,1
Nkknkknkk,1
Theguywithsomesoup,1
KraydenBH,1
ExistingProgrammer,1
Machine047,1
ChanSweetCS,1
Glino-MES,1
rayinfinite,1
kacperwyczawski,1
Raptor2213,1
gamemaster235,1
Pointifix,1
Xiao-yux,1
Chocolate-road,1
mathiasbader,1
Ultrakekskanone,1
GFX993,1
meohent41zhead,1
DushaDuh,1
Voldzz,1
HAROM7196,1
Keifwer,1
JasonP-01,1
PWDSerialgamer07,1
rafcioxx,1
CIVPro1949,1
macks2008,1
SomeonesShade,1
TqLxQuanZ,1
SemGame02,1
not-camo,1
Gabarittv,1
MaxSMokeSkaarj,1
IcyIsTechnology,1
Kokoutsou,1
FrostStormwind,1
SuperMaxusa,1
Commander2746,1
MrDaykii,1
TraktorHead,1
knightnibor,1
Mahzy88,1
qcrist,1
Bob90,1
mysnappyNT0980,1
J0anJosep,1
Doommenensbs,1
lvdo,1
FoolzRulez,1
1000i100,1
TheRealA77,1
znhhhhhhhhh,1
Sam11870,1
Yannik0,1
Vognezir,1
CNWww533,1
vlad2674,1
LDASGC,1
Plazma909,1
Voiddrax,1
lyelik237,1
Zeekza,1
azureplanet,1
VladisS-Vostok2000,1
MeiNanziiii,1
vince2010091,1
Phoenixwolf1245,1
novellus,1
Xasmedy,1
chrysn,1
romanin-rf,1
Prestonthegod0,1
Sasuke99o9,1
muesli4,1
VETARUK,1
Cyrex242,1
Pasu4,1
Enomine88,1
RedMatrix1,1
eSK8er,1
HECTICI0,1
TheOnlyCool1,1
somebody4269,1
Arya1234343,1
blake-sc,1
Urkikk,1
UltraMegaSuperHacker,1
osp54,1
Sneezy123,1
Dr-Turtle,1
brxxlstxrs,1
QZLin,1
Junyan228,1
Milkah59,1
SgtSarros,1
letharion,1
spendtopic,1
EpicPuppy613,1
SocksThePirate,1
Random-629671,1
XenoForce,1
AxoCat,1
Kibiandkimi,1
t1k2y,1
Endless7777,1
EnglishDotpl,1
Lamby777,1
LaysDragon,1
Mailaif1mairuls1aiddoncher,1
Maffialnor,1
Mincis1233,1
phbice,1
harbinger0x7c0,1
AdLeGeR,1
Jounsef,1
some-one-of-men,1
NTPC2932,1
rraptorr009,1
ZorudaRinku,1
AwEsOmEyEeTuSmAn,1
LukovDev,1
hehname,1
qwerty687,1
JARAWA,1
galaipa,1
Minneapolis109,1
mcsper,1
littlekatter330,1
Slate-FM,1
tenmeiiii,1
SearAgate,1
Rajarshi393,1
ericewing,1
noverd,1
adamlolgaming,1
THESECRET300,1
LibreBulb,1
cd1213,1
BemutViero,1
Buddermario7,1
AbdullahAlaa237,1
TheRadioactiveBanana,1
falkanson,1
Olweant,1
DraLUSAD,1
uujuju1,1
Pirojok3000,1
IFM321,1
1stol2,1
Spavys,1
Redoneter593,1
Potato-Da-Potata,1
quantum-brokengrammar,1
dhrvalkyr,1
ximega,1
nilliboi,1
rissson,1
Haruu987,1
WillComesBack,1
UnderSampled,1
vencorduser,1
Johngi5,1
Lolypopiwi,1
Olikli55,1
Daconus,1
CREAsTIVE,1
markomitranic,1
Madelyn-of-Hell,1
Inkboo,1
Animedesd,1
dadodasyra,1
Mannshoch,1
pschichtel,1
MindustryPlay,1
czmalio291,1
TretinV3,1
ZenTheProtogenOfficial,1
OM3GA6400,1
DanUnderscore,1
snFSXj,1
8rgfni4,1
davidchenxx,1
xalexalex,1
oneilmw,1
WMF-Industries,1
gonglinyuan,1
ChavePhilips,1
ElectricGun,1
xiaoxiaobingdxb,1
MustacheLincoln,1
imsorryza2015,1
beepboopc,1
numer99,1
JosherIsFun,1
Difoll,1
BugendaiSan,1
Kompaktive,1
PlotNarrater,1
348joey,1
Internetx777max,1
Haramot,1
JesseMeiring,1
DanilExE2003,1
Ubivashka1998,1
trankhangtop,1
Mike20202,1
NEON-XZR,1
ILoveEmojicats,1
Alstin112-zz,1
srtubaki,1
Mindavi,1
hosve,1
dave7895,1
MindustryGuy,1
Willzile1,1
snakefangz,1
Dxstreed,1
XNoireCode,1
LuanHimmlisch,1
bl0ckchat,1
Noname4568,1
polymeshop,1
AustralEpitech,1
Usser8,1
Hdbdiegc7whd,1
That-Guy977,1
Sukhoi-s25-sunday,1
Qvertyes,1
DALLORDCR,1
Spidroxide,1
Smeagstheman,1
FumpFur,1
Fred-Free,1
MuhammadDwiKrisbiantoro,1
Babib3l3l,1
Artalus,1
PRSXFENG,1
jixxed,1
CreebotTheGreat,1
Delstrom2,1
alexpvpmindustry,1
Rainbowmineblox,1
Nonethousand,1
ketalox,1
fzlaziz,1
Arrayyan-Uzayr,1
SAMBUYYA,1
KememChan,1
Aernan1,1
wioxjk,1
hexadecimal233,1
Xaturn44,1
atenfyr,1
Pl4yer9,1
GenericSomeone,1
AlcireAetheron,1
Banaanae,1
Fabri2906,1
Emeralddragon323,1
Mr-Ao-Dragon,1
MichaelKolaski123,1
mryellow,1
PickAPlayerNameFirst,1
CrimsonWolff,1
ElishaAz,1
HelpMy2,1
robotiq-coder,1
LegendaryPeddler5550,1
Nebabon,1
Daggers1406,1
hrinn,1
daedaevibin,1
Dr-Ico,1
awesom-shark,1
alexkannes222,1
Martinocom,1
OvermindDL1,1
nikito2223,1
mrvice,1
Weathercold,1
wingmaker77,1
Karagron,1
Nakilon,1
PavelSkir,1
Mak992,1
MCWertGaming,1
Lurius-Kitsune,1
slonkazoid,1
DronePC,1
catsz,1
Cra1gTucker,1
schooldanlp6,1
totallynotsoup,1
Khanaaan,1
Nikolay-Sitnikov,1
Matias123321,1
X1nnh,1
Mindustry-Bug-Temp,1
gamma-02,1
lutz-fechner,1
Mangahfold,1
Soham-maiti,1
Halfeclipse,1
zeutd,1
BlueCapacitor,1
rmuchan,1
PrinceofhellAzazel,1
eric15342335,1
DJ2638,1
MisiekDP,1
TagGamer555,1
powerneek,1
rdragonrydr,1
Austincraf1,1
ljnacnud,1
DracarisRegalis,1
juliand665,1
DaWolfyGamer,1
ApsZoldat,1
FruitcakeElemental,1
skelitonlord,1
lance7778,1
frisk5653,1
josst28,1
latruitede1850,1
ler0376,1
tateamater,1
Jocacaju,1
Univ3rse01,1
LAURENT12345,1
Petrkiller2,1
spaghetus,1
223341818,1
poggers16,1
Ciberbot111,1
jumpjet908,1
HapKoTuKoMaH,1
VersedSG,1
h3o66,1
mohawk-uncanceable,1
sound-infinity,1
thunkk,1
benji78,1
Matthew-McRaven,1
redwarp,1
Totaly-Not-A-Mole,1
TopCatTC,1
crides,1
baobabbab,1
pawlick228,1
Greendragon00,1
sebasom2,1
Entreaver,1
Arial1102,1
Miniontoby,1
MrFlubber,1
UglyBugly,1
Stupider666,1
Endermancat,1
rocboronat,1
ThibPlume,1
violetastcs,1
nachitodev,1
SollyBunny,1
ParraRespuestas,1
jake-87,1
uncaught1,1
red-led,1
AFARIUS,1
niguandezhao,1
YhuanDebeste,1
11musah,1
JiroCab,1
Waffz,1
JanStruan,1
Bluemeh,1
souvikpodder,1
PolloUsami,1
SirDilbet,1
Kiinae,1
Irt6282,1
Aotenshin,1
delinter,1
Kostr8,1
brlinf-06398,1
unanmed,1
CSknight0389,1
DVD27,1
MrBacon470,1
a54008808,1
Dususkerman,1
sans11leon,1
DjVicthor,1
sup3r87,1
fadedmax,1
cabfile,1
KotMilkMeoW,1
HikkiTTGL,1
MegaInk,1
TL044CN,1
T-oasterO-ven,1
Xamidullya,1
soloseul,1
BlueManCZ,1
TotallyLemon,1
luihum,1
Vlad-Igroman2022,1
Mateo124322,1
jiahe2004,1
JZ6,1
thekatt85,1
AndriyVilkosh,1
JustusBumm,1
bernardozan,1
Charlie-xiax,1
I-hope1,1
Jenderlion,1
e-v-gexa,1
Purplecorenuetral,1
MN280,1
klim233,1
DoggeKey,1
sw882882,1
Miros77,1
RustoMCSpit,1
EricD112,1
Trohten2,1
0907137723-s,1
Nghongzhan,1
Halt-alt,1
ajustsomebody,1
FnControlOption,1
Magolor44,1
Hid-K,1
OverHeaven439,1
Victoirepointthree,1
lele92007,1
sodaZados,1
wangchezheng,1
Alol555n,1
cerega000,1
memepeoples,1
florentin007,1
Satoshi-Yoda,1
xXSalimcuteyXxYT,1
AlligatorScrublord,1
RussiaBo1,1
Yellowsam4145,1
Enderteck,1
Graphixal,1
aawwaaa,1
CredO0,1
pankiwi,1
Titanssin1,1
G-3-K-Y,1
Inglonias,1
xBlueDragonFlamex,1
PipocaTheUnreal,1
oxmc,1
TRMuhittin,1
Dugger1,1
majunze2001,1
Afdill,1
KODON234,1
PlanetOrca,1
FR1782,1
nekoma0,1
null-ref-exc,1
VladIsLover,1
MindustryBESTESGAME,1
Axlii50,1
Kurai-zu,1
StalkerSerega,1
ActuallyTurtle,1
2125879,1
breadbug23,1
4DchessPlayer,1
SansStars,1
Monster-Gaming-Studios,1
Aminpro001,1
UrkY2041,1
jiangzhongshu,1
slash128gnr,1
MarcusTU,1
bluegreensea,1
Yittria,1
AdminHcat,1
BorintJohn,1
crysman,1
dbfoxtw,1
fkarg,1
Ebylka228,1
Cong0707,1
THeShoWoff,1
Xandertron,1
Sanek3400,1
GREATWHITEWOLF1,1
Zeezwho,1
Johnonamansion,1
sa1672ndo,1
tech3mi,1
CleroStyle,1
KirillAldashkin,1
xz-dev,1
CarlMarshal,1
Cry0flu1d,1
KinForr776,1
Tianlalu233,1
knacko,1
cooly228,1
GymeyYA,1
Mygale5,1
ProDustry,1
Bloozkluse,1
EclipsePlays,1
Timolsen,1
toasterpp1,1
aaa-chinese,1
GGG1414,1
ArchStanton14,1
AmateurPotion,1
Maxou-69,1
Kvantuum-source,1
Vato8090,1
Awfulchunk,1
akairasu,1
Ghost-Ship-Supreme,1
EndersteveGamer,1
Zaflis,1
iarkn,1
SammyMasala,1
Egyember,1
mexTERR4,1
ChivalricMender,1
peter-pl,1
H3liosIsSomeone,1
konpeito2,1
Ludo-code,1
jspricke,1
IIINSTINCT,1
Ikriva,1
Your-mindustry-soup,1
Jurorno9,1
Gwapowo,1
ItsBUESCTime,1
GabrielPetrov,1
LordofHanover,1
lf-,1
QQWW1234PRO,1
Blubvis725,1
Jaeyun21,1
Riku9361,1
Migzzz831,1
bruno-robert,1
yoriaiko,1
EB-wilson,1
AlexandrPavlovski,1
ShortBusGamer,1
AiviriX,1
Z0XY-Grae,1
Fewcristofer,1
redshadow3,1
pheonminum,1
Kariamba,1
XaskyZ,1
Mkroets,1
Fine724,1
GeoServer1,1
Vioddie,1
YaroslavNefedov,1
MistahStealYoGril,1
DemonActor,1
justSem,1
jazztickets,1
Chakesito,1
Gingerninja2480,1
marcziehlinger,1
RAMBO-GG,1
denzil0531,1
NoodlesOfWrath,1
westernat,1
KaliTheCatgirl,1
Nopeymopey,1
ArthurBordrigues,1
gitmanbloggus,1
CodeWizard404,1
strangeprogrammer,1
Lukc,1
pphotography,1
FreezeCactus,1
yay998,1
avitran0,1
IAmFeder,1
RiCkYB-667,1
Sch1st,1
rafucuk,1
FranLamark,1
Se-Lyan,1
shan-luan,1
Matypo,1
ben0753,1
ShivaPrakash-006,1
Bugowskii,1
payangmula,1
Inevitabilis,1
